Workbook

Sheet Start Here
B2: Partner Direct — Tracker
B3: The log is the job. Everything else follows from it.
B5: How this workbook is used
B6: Reconnect Sprint — every person you know who owns or runs something that takes cards.
B7: Rule 02 says you are probably sitting on 150-300 names. Fill it in one sitting, before you call anyone.
B8: Call Log — every conversation, logged the same day. Week one has no exceptions; the habit is the point.
B9: Referral Log — every handoff to Jeremy, including the ones that die. Rule 05: track your no's like they're wins.
B10: Objections — what you actually hear. Review with Jeremy weekly and find the two you keep hitting.
B11: Referral Partners — people who already walk into businesses you cannot reach. Give before you ask.
B12: Dashboard — targets vs. actual, pulled automatically from the logs. Set your Week 1 start date there.
B14: Colour key
B15: Yellow cells are yours to fill in.
... B53: Don't chase. One follow-up — "Did Jeremy ever get you?" — then let it go.

Sheet Reconnect Sprint
A1: Every person you know who owns or runs something that takes cards. Rule 02: 150-300 names, built before you make a single call. Column F fills itself from the Segment you pick.
A2: Name | B2: Business | C2: Their role | D2: Tier | E2: Segment | F2: Priority | G2: How I know them | H2: Phone | I2: IG / LinkedIn | J2: Website | K2: What they run (ask, don't research) | L2: Status | M2: Last contact | N2: Next action | O2: Notes
A3: Marco Ruiz | B3: Ruiz Hospitality Group | C3: Owner | D3: 1 - Would pick up at 10pm | E3: Restaurant/Bar/Lounge | F3: =IF(E3="","",IF(E3="Authorize.net","1 - Slam dunk",IF(OR(E3="E-commerce",E3="B2B",E3="Vendor"),"2 - Strong",IF(E3="Retail","3 - Good",IF(E3="Restaurant/Bar/Lounge","4 - Hardest","5 - Unknown"))))) | G3: LIV regular, 4 years | H3: 305-555-0142 | I3: @marcoruiz | J3: ruizhg.com | L3: Not contacted | N3: Call week 1 | O3: Two venues in Wynwood
F4: =IF(E4="","",IF(E4="Authorize.net","1 - Slam dunk",IF(OR(E4="E-commerce",E4="B2B",E4="Vendor"),"2 - Strong",IF(E4="Retail","3 - Good",IF(E4="Restaurant/Bar/Lounge","4 - Hardest","5 - Unknown")))))
F5: =IF(E5="","",IF(E5="Authorize.net","1 - Slam dunk",IF(OR(E5="E-commerce",E5="B2B",E5="Vendor"),"2 - Strong",IF(E5="Retail","3 - Good",IF(E5="Restaurant/Bar/Lounge","4 - Hardest","5 - Unknown")))))
F6: =IF(E6="","",IF(E6="Authorize.net","1 - Slam dunk",IF(OR(E6="E-commerce",E6="B2B",E6="Vendor"),"2 - Strong",IF(E6="Retail","3 - Good",IF(E6="Restaurant/Bar/Lounge","4 - Hardest","5 - Unknown")))))
F7: =IF(E7="","",IF(E7="Authorize.net","1 - Slam dunk",IF(OR(E7="E-commerce",E7="B2B",E7="Vendor"),"2 - Strong",IF(E7="Retail","3 - Good",IF(E7="Restaurant/Bar/Lounge","4 - Hardest","5 - Unknown")))))
F8: =IF(E8="","",IF(E8="Authorize.net","1 - Slam dunk",IF(OR(E8="E-commerce",E8="B2B",E8="Vendor"),"2 - Strong",IF(E8="Retail","3 - Good",IF(E8="Restaurant/Bar/Lounge","4 - Hardest","5 - Unknown")))))
F9: =IF(E9="","",IF(E9="Authorize.net","1 - Slam dunk",IF(OR(E9="E-commerce",E9="B2B",E9="Vendor"),"2 - Strong",IF(E9="Retail","3 - Good",IF(E9="Restaurant/Bar/Lounge","4 - Hardest","5 - Unknown")))))
F10: =IF(E10="","",IF(E10="Authorize.net","1 - Slam dunk",IF(OR(E10="E-commerce",E10="B2B",E10="Vendor"),"2 - Strong",IF(E10="Retail","3 - Good",IF(E10="Restaurant/Bar/Lounge","4 - Hardest","5 - Unknown")))))
F11: =IF(E11="","",IF(E11="Authorize.net","1 - Slam dunk",IF(OR(E11="E-commerce",E11="B2B",E11="Vendor"),"2 - Strong",IF(E11="Retail","3 - Good",IF(E11="Restaurant/Bar/Lounge","4 - Hardest","5 - Unknown")))))
F12: =IF(E12="","",IF(E12="Authorize.net","1 - Slam dunk",IF(OR(E12="E-commerce",E12="B2B",E12="Vendor"),"2 - Strong",IF(E12="Retail","3 - Good",IF(E12="Restaurant/Bar/Lounge","4 - Hardest","5 - Unknown")))))
F13: =IF(E13="","",IF(E13="Authorize.net","1 - Slam dunk",IF(OR(E13="E-commerce",E13="B2B",E13="Vendor"),"2 - Strong",IF(E13="Retail","3 - Good",IF(E13="Restaurant/Bar/Lounge","4 - Hardest","5 - Unknown")))))
F14: =IF(E14="","",IF(E14="Authorize.net","1 - Slam dunk",IF(OR(E14="E-commerce",E14="B2B",E14="Vendor"),"2 - Strong",IF(E14="Retail","3 - Good",IF(E14="Restaurant/Bar/Lounge","4 - Hardest","5 - Unknown")))))
F15: =IF(E15="","",IF(E15="Authorize.net","1 - Slam dunk",IF(OR(E15="E-commerce",E15="B2B",E15="Vendor"),"2 - Strong",IF(E15="Retail","3 - Good",IF(E15="Restaurant/Bar/Lounge","4 - Hardest","5 - Unknown")))))
... F400: =IF(E400="","",IF(E400="Authorize.net","1 - Slam dunk",IF(OR(E400="E-commerce",E400="B2B",E400="Vendor"),"2 - Strong",IF(E400="Retail","3 - Good",IF(E400="Restaurant/Bar/Lounge","4 - Hardest","5 - Unknown")))))

Sheet Call Log
A1: Every conversation, logged the same day. Week one has no exceptions — the habit is the whole point.
A2: Date | B2: Name | C2: Tier | D2: Channel | E2: Outcome | F2: Asked the referral question? | G2: Names harvested | H2: Referred to Jeremy? | I2: Notes
A3: 46280 | B3: Marco Ruiz | C3: 1 - Would pick up at 10pm | D3: Call | E3: Conversation | F3: Y | G3: 2 | H3: Y | I3: On Toast, annoyed about the exit clause. Gave me two names.

Sheet Referral Log
A1: Every handoff to Jeremy, including the ones that die. Rule 05: track your no's like they're wins. Bring this to the Friday call.
A2: Date sent | B2: Source | C2: Sourced by | D2: Name | E2: Business | F2: Phone | G2: What they're running | H2: Sent merchant the heads-up text? | I2: Jeremy status | J2: Why it didn't work | K2: Date closed | L2: Notes
A3: 46280 | B3: Referral partner | C3: Dani (Breakthru liquor rep) | D3: Marco Ruiz | E3: Ruiz Hospitality Group | F3: 305-555-0142 | G3: Toast | H3: Y | I3: Jeremy contacted | L3: Wants to wait for contract end in March

Sheet Objections
A1: What you actually hear. Review with Jeremy weekly and find the two you keep hitting. Column F counts how many times the same objection text appears.
A2: Date | B2: Business | C2: Segment | D2: Objection heard | E2: Jeremy's answer | F2: Times heard
A3: 46281 | B3: Ruiz Hospitality Group | C3: Restaurant/Bar/Lounge | D3: Locked into Toast, switching is too disruptive | E3: Ask what the exit clause looks like and revisit 60 days out | F3: =IF(D3="","",COUNTIF($D$3:$D$300,D3))
F4: =IF(D4="","",COUNTIF($D$3:$D$300,D4))
F5: =IF(D5="","",COUNTIF($D$3:$D$300,D5))
F6: =IF(D6="","",COUNTIF($D$3:$D$300,D6))
F7: =IF(D7="","",COUNTIF($D$3:$D$300,D7))
F8: =IF(D8="","",COUNTIF($D$3:$D$300,D8))
F9: =IF(D9="","",COUNTIF($D$3:$D$300,D9))
F10: =IF(D10="","",COUNTIF($D$3:$D$300,D10))
F11: =IF(D11="","",COUNTIF($D$3:$D$300,D11))
F12: =IF(D12="","",COUNTIF($D$3:$D$300,D12))
F13: =IF(D13="","",COUNTIF($D$3:$D$300,D13))
F14: =IF(D14="","",COUNTIF($D$3:$D$300,D14))
F15: =IF(D15="","",COUNTIF($D$3:$D$300,D15))
... F300: =IF(D300="","",COUNTIF($D$3:$D$300,D300))

Sheet Referral Partners
A1: People who already walk into the businesses you cannot reach. One liquor rep touches 15 accounts a week. Give before you ask - column K is the discipline, not a nicety. Priority fills itself from Type.
A2: Partner name | B2: Type | C2: Priority | D2: Company | E2: How I know them | F2: Phone | G2: Email | H2: Accounts they touch | I2: Status | J2: Last contact | K2: Last thing I gave them | L2: Date I gave it | M2: Referrals received | N2: Notes
A3: Dani Restrepo | B3: Liquor / food rep | C3: =IF(B3="","",IF(B3="Business broker","1 - Highest",IF(OR(B3="POS installer",B3="Bookkeeper / CPA"),"2 - High",IF(OR(B3="Liquor / food rep",B3="Consultant"),"3 - Strong",IF(B3="Other","5 - Other","4 - Good"))))) | D3: Breakthru Beverage | E3: Comped her table at LIV for years | F3: 305-555-0178 | G3: dani@example.com | H3: 15/wk | I3: Agreed to refer | K3: Sent her Marco's number for a tasting | M3: =IF(A3="","",COUNTIF('Referral Log'!$C$4:$C$400,A3)) | N3: Asked her to flag any spot changing hands
C4: =IF(B4="","",IF(B4="Business broker","1 - Highest",IF(OR(B4="POS installer",B4="Bookkeeper / CPA"),"2 - High",IF(OR(B4="Liquor / food rep",B4="Consultant"),"3 - Strong",IF(B4="Other","5 - Other","4 - Good"))))) | M4: =IF(A4="","",COUNTIF('Referral Log'!$C$4:$C$400,A4))
C5: =IF(B5="","",IF(B5="Business broker","1 - Highest",IF(OR(B5="POS installer",B5="Bookkeeper / CPA"),"2 - High",IF(OR(B5="Liquor / food rep",B5="Consultant"),"3 - Strong",IF(B5="Other","5 - Other","4 - Good"))))) | M5: =IF(A5="","",COUNTIF('Referral Log'!$C$4:$C$400,A5))
C6: =IF(B6="","",IF(B6="Business broker","1 - Highest",IF(OR(B6="POS installer",B6="Bookkeeper / CPA"),"2 - High",IF(OR(B6="Liquor / food rep",B6="Consultant"),"3 - Strong",IF(B6="Other","5 - Other","4 - Good"))))) | M6: =IF(A6="","",COUNTIF('Referral Log'!$C$4:$C$400,A6))
C7: =IF(B7="","",IF(B7="Business broker","1 - Highest",IF(OR(B7="POS installer",B7="Bookkeeper / CPA"),"2 - High",IF(OR(B7="Liquor / food rep",B7="Consultant"),"3 - Strong",IF(B7="Other","5 - Other","4 - Good"))))) | M7: =IF(A7="","",COUNTIF('Referral Log'!$C$4:$C$400,A7))
C8: =IF(B8="","",IF(B8="Business broker","1 - Highest",IF(OR(B8="POS installer",B8="Bookkeeper / CPA"),"2 - High",IF(OR(B8="Liquor / food rep",B8="Consultant"),"3 - Strong",IF(B8="Other","5 - Other","4 - Good"))))) | M8: =IF(A8="","",COUNTIF('Referral Log'!$C$4:$C$400,A8))
C9: =IF(B9="","",IF(B9="Business broker","1 - Highest",IF(OR(B9="POS installer",B9="Bookkeeper / CPA"),"2 - High",IF(OR(B9="Liquor / food rep",B9="Consultant"),"3 - Strong",IF(B9="Other","5 - Other","4 - Good"))))) | M9: =IF(A9="","",COUNTIF('Referral Log'!$C$4:$C$400,A9))
C10: =IF(B10="","",IF(B10="Business broker","1 - Highest",IF(OR(B10="POS installer",B10="Bookkeeper / CPA"),"2 - High",IF(OR(B10="Liquor / food rep",B10="Consultant"),"3 - Strong",IF(B10="Other","5 - Other","4 - Good"))))) | M10: =IF(A10="","",COUNTIF('Referral Log'!$C$4:$C$400,A10))
C11: =IF(B11="","",IF(B11="Business broker","1 - Highest",IF(OR(B11="POS installer",B11="Bookkeeper / CPA"),"2 - High",IF(OR(B11="Liquor / food rep",B11="Consultant"),"3 - Strong",IF(B11="Other","5 - Other","4 - Good"))))) | M11: =IF(A11="","",COUNTIF('Referral Log'!$C$4:$C$400,A11))
C12: =IF(B12="","",IF(B12="Business broker","1 - Highest",IF(OR(B12="POS installer",B12="Bookkeeper / CPA"),"2 - High",IF(OR(B12="Liquor / food rep",B12="Consultant"),"3 - Strong",IF(B12="Other","5 - Other","4 - Good"))))) | M12: =IF(A12="","",COUNTIF('Referral Log'!$C$4:$C$400,A12))
C13: =IF(B13="","",IF(B13="Business broker","1 - Highest",IF(OR(B13="POS installer",B13="Bookkeeper / CPA"),"2 - High",IF(OR(B13="Liquor / food rep",B13="Consultant"),"3 - Strong",IF(B13="Other","5 - Other","4 - Good"))))) | M13: =IF(A13="","",COUNTIF('Referral Log'!$C$4:$C$400,A13))
C14: =IF(B14="","",IF(B14="Business broker","1 - Highest",IF(OR(B14="POS installer",B14="Bookkeeper / CPA"),"2 - High",IF(OR(B14="Liquor / food rep",B14="Consultant"),"3 - Strong",IF(B14="Other","5 - Other","4 - Good"))))) | M14: =IF(A14="","",COUNTIF('Referral Log'!$C$4:$C$400,A14))
C15: =IF(B15="","",IF(B15="Business broker","1 - Highest",IF(OR(B15="POS installer",B15="Bookkeeper / CPA"),"2 - High",IF(OR(B15="Liquor / food rep",B15="Consultant"),"3 - Strong",IF(B15="Other","5 - Other","4 - Good"))))) | M15: =IF(A15="","",COUNTIF('Referral Log'!$C$4:$C$400,A15))
... C200: =IF(B200="","",IF(B200="Business broker","1 - Highest",IF(OR(B200="POS installer",B200="Bookkeeper / CPA"),"2 - High",IF(OR(B200="Liquor / food rep",B200="Consultant"),"3 - Strong",IF(B200="Other","5 - Other","4 - Good"))))) | M200: =IF(A200="","",COUNTIF('Referral Log'!$C$4:$C$400,A200))

Sheet Dashboard
B2: Dashboard
B4: Week 1 start (Monday): | E4: ← set this first; every week below is calculated from it
B6: Week | C6: Start | D6: End | E6: Convos tgt | F6: Convos | G6: Refs tgt | H6: Refs | I6: Names tgt | J6: Names
B7: Week 1 — Build | C7: =IF($D$4="","",$D$4+0) | D7: =IF($D$4="","",$D$4+6) | E7: 12 | F7: =IF($D$4="","",COUNTIFS('Call Log'!$A$4:$A$600,">="&$C7,'Call Log'!$A$4:$A$600,"<="&$D7,'Call Log'!$E$4:$E$600,"Conversation")) | G7: 3 | H7: =IF($D$4="","",COUNTIFS('Referral Log'!$A$4:$A$400,">="&$C7,'Referral Log'!$A$4:$A$400,"<="&$D7)) | I7: 5 | J7: =IF($D$4="","",SUMIFS('Call Log'!$G$4:$G$600,'Call Log'!$A$4:$A$600,">="&$C7,'Call Log'!$A$4:$A$600,"<="&$D7))
B8: Week 2 — Widen | C8: =IF($D$4="","",$D$4+7) | D8: =IF($D$4="","",$D$4+13) | E8: 20 | F8: =IF($D$4="","",COUNTIFS('Call Log'!$A$4:$A$600,">="&$C8,'Call Log'!$A$4:$A$600,"<="&$D8,'Call Log'!$E$4:$E$600,"Conversation")) | G8: 5 | H8: =IF($D$4="","",COUNTIFS('Referral Log'!$A$4:$A$400,">="&$C8,'Referral Log'!$A$4:$A$400,"<="&$D8)) | I8: 10 | J8: =IF($D$4="","",SUMIFS('Call Log'!$G$4:$G$600,'Call Log'!$A$4:$A$600,">="&$C8,'Call Log'!$A$4:$A$600,"<="&$D8))
B9: Week 3 — Vendors | C9: =IF($D$4="","",$D$4+14) | D9: =IF($D$4="","",$D$4+20) | E9: 20 | F9: =IF($D$4="","",COUNTIFS('Call Log'!$A$4:$A$600,">="&$C9,'Call Log'!$A$4:$A$600,"<="&$D9,'Call Log'!$E$4:$E$600,"Conversation")) | G9: 5 | H9: =IF($D$4="","",COUNTIFS('Referral Log'!$A$4:$A$400,">="&$C9,'Referral Log'!$A$4:$A$400,"<="&$D9)) | I9: — | J9: =IF($D$4="","",SUMIFS('Call Log'!$G$4:$G$600,'Call Log'!$A$4:$A$600,">="&$C9,'Call Log'!$A$4:$A$600,"<="&$D9))
B10: Week 4 — Compound | C10: =IF($D$4="","",$D$4+21) | D10: =IF($D$4="","",$D$4+27) | E10: 20 | F10: =IF($D$4="","",COUNTIFS('Call Log'!$A$4:$A$600,">="&$C10,'Call Log'!$A$4:$A$600,"<="&$D10,'Call Log'!$E$4:$E$600,"Conversation")) | G10: 7 | H10: =IF($D$4="","",COUNTIFS('Referral Log'!$A$4:$A$400,">="&$C10,'Referral Log'!$A$4:$A$400,"<="&$D10)) | I10: — | J10: =IF($D$4="","",SUMIFS('Call Log'!$G$4:$G$600,'Call Log'!$A$4:$A$600,">="&$C10,'Call Log'!$A$4:$A$600,"<="&$D10))
B13: Month 1
B14: Conversations | D14: =SUM(F7:F10) | E14: 60-70 is a good month
B15: Referrals sent | D15: =SUM(H7:H10) | E15: 18-20
B16: Accounts closed | D16: =COUNTIF('Referral Log'!$I$4:$I$400,"Closed won") | E16: 2-4
B17: Names harvested | D17: =SUM(J7:J10) | E17: feeds Tier 4
B18: Tier 4 names on list | D18: =COUNTIF('Reconnect Sprint'!$D$4:$D$400,"4 - Harvested referral") | E18: if this stays 0, you aren't asking the referral question
B19: Referral question asked | D19: =IF(COUNTIF('Call Log'!$F$4:$F$600,"Y")+COUNTIF('Call Log'!$F$4:$F$600,"N")=0,"",COUNTIF('Call Log'!$F$4:$F$600,"Y")/(COUNTIF('Call Log'!$F$4:$F$600,"Y")+COUNTIF('Call Log'!$F$4:$F$600,"N"))) | E19: aim for 100%
B20: Active referral partners | D20: =COUNTIF('Referral Partners'!$I$4:$I$200,"Active - has sent one") | E20: people who have actually sent you someone
B21: From outside the warm list | D21: =IF(COUNTA('Referral Log'!$B$4:$B$400)=0,"",COUNTIFS('Referral Log'!$B$4:$B$400,"<>Warm list",'Referral Log'!$B$4:$B$400,"<>")/COUNTA('Referral Log'!$B$4:$B$400)) | E21: zero in month one is fine; still zero at month four means nothing replaced the list
B23: Judge month one against the range above, not against $10k. Clay's first residual was $32.62; Jeremy's was $100.
